"id. Response ID","submitdate. Date submitted","lastpage. Last page","startlanguage. Start language","seed. Seed","startdate. Date started","datestamp. Date last action","refurl. Referrer URL","BLU01AFR. How Eco-friendly do you perceive this product to be?0 = Not eco-friendly at all  |  5 = Extremely eco-friendly  ","BLU01ASI. How Eco-friendly do you perceive that product to be?0 = Not eco-friendly at all  |  5 = Extremely eco-friendly  ","BLU01EUR. How Eco-friendly do you perceive that product to be?0 = Not eco-friendly at all  |  5 = Extremely eco-friendly  ","BLU02AFR. How Eco-friendly do you perceive that product to be?0 = Not eco-friendly at all  |  5 = Extremely eco-friendly  ","BLU02ASI. How Eco-friendly do you perceive that product to be?0 = Not eco-friendly at all  |  5 = Extremely eco-friendly  ","BLU02EUR. How Eco-friendly do you perceive that product to be?0 = Not eco-friendly at all  |  5 = Extremely eco-friendly  ","BLU03AFR. How Eco-friendly do you perceive that product to be?0 = Not eco-friendly at all  |  5 = Extremely eco-friendly  ","BLU03ASI. How Eco-friendly do you perceive that product to be?0 = Not eco-friendly at all  |  5 = Extremely eco-friendly  ","BLU03EUR. How Eco-friendly do you perceive that product to be?0 = Not eco-friendly at all  |  5 = Extremely eco-friendly  ","GRN01AFR. How Eco-friendly do you perceive this product to be?0 = Not eco-friendly at all  |  5 = Extremely eco-friendly  ","GRN01ASI. How Eco-friendly do you perceive that product to be?0 = Not eco-friendly at all  |  5 = Extremely eco-friendly  ","GRN01EUR. How Eco-friendly do you perceive that product to be?0 = Not eco-friendly at all  |  5 = Extremely eco-friendly  ","GRN02AFR. How Eco-friendly do you perceive that product to be?0 = Not eco-friendly at all  |  5 = Extremely eco-friendly  ","GRN02ASI. How Eco-friendly do you perceive that product to be?0 = Not eco-friendly at all  |  5 = Extremely eco-friendly  ","GRN02EUR. How Eco-friendly do you perceive that product to be?0 = Not eco-friendly at all  |  5 = Extremely eco-friendly  ","GRN03AFR. How Eco-friendly do you perceive that product to be?0 = Not eco-friendly at all  |  5 = Extremely eco-friendly  ","GRN03ASI. How Eco-friendly do you perceive that product to be?0 = Not eco-friendly at all  |  5 = Extremely eco-friendly  ","GRN03EUR. How Eco-friendly do you perceive that product to be?0 = Not eco-friendly at all  |  5 = Extremely eco-friendly  ","ORG01AFR. How Eco-friendly do you perceive this product to be?0 = Not eco-friendly at all  |  5 = Extremely eco-friendly  ","ORG01ASI. How Eco-friendly do you perceive that product to be?0 = Not eco-friendly at all  |  5 = Extremely eco-friendly  ","ORG01EUR. How Eco-friendly do you perceive that product to be?0 = Not eco-friendly at all  |  5 = Extremely eco-friendly  ","ORG02AFR. How Eco-friendly do you perceive that product to be?0 = Not eco-friendly at all  |  5 = Extremely eco-friendly  ","ORG02ASI. How Eco-friendly do you perceive that product to be?0 = Not eco-friendly at all  |  5 = Extremely eco-friendly  ","ORG02EUR. How Eco-friendly do you perceive that product to be?0 = Not eco-friendly at all  |  5 = Extremely eco-friendly  ","ORG03AFR. How Eco-friendly do you perceive that product to be?0 = Not eco-friendly at all  |  5 = Extremely eco-friendly  ","ORG03ASI. How Eco-friendly do you perceive that product to be?0 = Not eco-friendly at all  |  5 = Extremely eco-friendly  ","ORG03EUR. How Eco-friendly do you perceive that product to be?0 = Not eco-friendly at all  |  5 = Extremely eco-friendly  ","PNK01AFR. How Eco-friendly do you perceive this product to be?0 = Not eco-friendly at all  |  5 = Extremely eco-friendly  ","PNK01ASI. How Eco-friendly do you perceive that product to be?0 = Not eco-friendly at all  |  5 = Extremely eco-friendly  ","PNK01EUR. How Eco-friendly do you perceive that product to be?0 = Not eco-friendly at all  |  5 = Extremely eco-friendly  ","PNK02AFR. How Eco-friendly do you perceive that product to be?0 = Not eco-friendly at all  |  5 = Extremely eco-friendly  ","PNK02ASI. How Eco-friendly do you perceive that product to be?0 = Not eco-friendly at all  |  5 = Extremely eco-friendly  ","PNK02EUR. How Eco-friendly do you perceive that product to be?0 = Not eco-friendly at all  |  5 = Extremely eco-friendly  ","PNK03AFR. How Eco-friendly do you perceive that product to be?0 = Not eco-friendly at all  |  5 = Extremely eco-friendly  ","PNK03ASI. How Eco-friendly do you perceive that product to be?0 = Not eco-friendly at all  |  5 = Extremely eco-friendly  ","PNK03EUR. How Eco-friendly do you perceive that product to be?0 = Not eco-friendly at all  |  5 = Extremely eco-friendly  ","PRP01AFR. How Eco-friendly do you perceive this product to be?0 = Not eco-friendly at all  |  5 = Extremely eco-friendly  ","PRP01ASI. How Eco-friendly do you perceive that product to be?0 = Not eco-friendly at all  |  5 = Extremely eco-friendly  ","PRP01EUR. How Eco-friendly do you perceive that product to be?0 = Not eco-friendly at all  |  5 = Extremely eco-friendly  ","PRP02AFR. How Eco-friendly do you perceive that product to be?0 = Not eco-friendly at all  |  5 = Extremely eco-friendly  ","PRP02ASI. How Eco-friendly do you perceive that product to be?0 = Not eco-friendly at all  |  5 = Extremely eco-friendly  ","PRP02EUR. How Eco-friendly do you perceive that product to be?0 = Not eco-friendly at all  |  5 = Extremely eco-friendly  ","PRP03AFR. How Eco-friendly do you perceive that product to be?0 = Not eco-friendly at all  |  5 = Extremely eco-friendly  ","PRP03ASI. How Eco-friendly do you perceive that product to be?0 = Not eco-friendly at all  |  5 = Extremely eco-friendly  ","PRP03EUR. How Eco-friendly do you perceive that product to be?0 = Not eco-friendly at all  |  5 = Extremely eco-friendly  ","COLRNK[1]. Please rank these colors based on your preferences.Top = most favorite color.  [Rank 1]","COLRNK[2]. Please rank these colors based on your preferences.Top = most favorite color.  [Rank 2]","COLRNK[3]. Please rank these colors based on your preferences.Top = most favorite color.  [Rank 3]","COLRNK[4]. Please rank these colors based on your preferences.Top = most favorite color.  [Rank 4]","COLRNK[5]. Please rank these colors based on your preferences.Top = most favorite color.  [Rank 5]","ENVACT. In regards to,“Your Environmental Proactivity.” Which best describes you? ","QUAL. Why do you perceive certain colors as eco-friendly, and Which are they? ","DEM01LOC. Where are you from?","DEM02AGE. How old are you?Please enter your age.","DEM03EMP. What's your Professional Status?Please select.","DEM03EMP[other]. What's your Professional Status?Please select. [Other]","DEM04SEX. What gender do you identify as?Please select.","DEM04SEX[other]. What gender do you identify as?Please select. [Other]","interviewtime. Total time","groupTime11. Group time: Product Questions","BLU01AFRTime. Question time: BLU01AFR","BLU01ASITime. Question time: BLU01ASI","BLU01EURTime. Question time: BLU01EUR","BLU02AFRTime. Question time: BLU02AFR","BLU02ASITime. Question time: BLU02ASI","BLU02EURTime. Question time: BLU02EUR","BLU03AFRTime. Question time: BLU03AFR","BLU03ASITime. Question time: BLU03ASI","BLU03EURTime. Question time: BLU03EUR","GRN01AFRTime. Question time: GRN01AFR","GRN01ASITime. Question time: GRN01ASI","GRN01EURTime. Question time: GRN01EUR","GRN02AFRTime. Question time: GRN02AFR","GRN02ASITime. Question time: GRN02ASI","GRN02EURTime. Question time: GRN02EUR","GRN03AFRTime. Question time: GRN03AFR","GRN03ASITime. Question time: GRN03ASI","GRN03EURTime. Question time: GRN03EUR","ORG01AFRTime. Question time: ORG01AFR","ORG01ASITime. Question time: ORG01ASI","ORG01EURTime. Question time: ORG01EUR","ORG02AFRTime. Question time: ORG02AFR","ORG02ASITime. Question time: ORG02ASI","ORG02EURTime. Question time: ORG02EUR","ORG03AFRTime. Question time: ORG03AFR","ORG03ASITime. Question time: ORG03ASI","ORG03EURTime. Question time: ORG03EUR","PNK01AFRTime. Question time: PNK01AFR","PNK01ASITime. Question time: PNK01ASI","PNK01EURTime. Question time: PNK01EUR","PNK02AFRTime. Question time: PNK02AFR","PNK02ASITime. Question time: PNK02ASI","PNK02EURTime. Question time: PNK02EUR","PNK03AFRTime. Question time: PNK03AFR","PNK03ASITime. Question time: PNK03ASI","PNK03EURTime. Question time: PNK03EUR","PRP01AFRTime. Question time: PRP01AFR","PRP01ASITime. Question time: PRP01ASI","PRP01EURTime. Question time: PRP01EUR","PRP02AFRTime. Question time: PRP02AFR","PRP02ASITime. Question time: PRP02ASI","PRP02EURTime. Question time: PRP02EUR","PRP03AFRTime. Question time: PRP03AFR","PRP03ASITime. Question time: PRP03ASI","PRP03EURTime. Question time: PRP03EUR","groupTime12. Group time: Profiling Questions","COLRNKTime. Question time: COLRNK","ENVACTTime. Question time: ENVACT","QUALTime. Question time: QUAL","groupTime13. Group time: Demographics Questions","DEM01LOCTime. Question time: DEM01LOC","DEM02AGETime. Question time: DEM02AGE","DEM03EMPTime. Question time: DEM03EMP","DEM04SEXTime. Question time: DEM04SEX"
"1","2023-12-17 21:24:41","52","en","1092988303","2023-12-17 21:21:22","2023-12-17 21:24:41","","3","3","3","3","5","5","3","3","3","3","3","3","3","5","5","3","3","3","3","3","3","5","5","5","3","3","3","3","3","3","3","5","5","3","3","3","3","3","3","3","5","5","3","3","3"," "," "," "," "," ","Somewhat Proactive - I’m concerned with the Environment and try to make changes whenever possible.","No","France","44","Self-employed","","Female","","222.97","","2.41","8.01","2.11","2.35","2.45","4.6","3.83","2.45","1.99","2.28","2.23","4.66","2.93","4.21","1.52","5.95","6.27","2.01","3.47","3.45","1.57","2.41","1.89","3.02","1.79","2.24","3.48","2.3","2.21","4.11","1.88","1.87","1.8","2.11","2.71","3.04","3.83","2.69","2.63","4.61","3.98","1.88","1.53","1.91","12.08","","22.26","12.37","7.53","","17.49","7.68","8.51","4.38"
"2","2023-12-17 21:26:48","52","en","1985194758","2023-12-17 21:22:11","2023-12-17 21:26:48","","4","4","4","4","4","0","0","0","0","4","4","4","0","4","3","0","0","0","4","4","4","0","4","2","0","0","0","4","4","4","4","4","4","0","0","0","4","4","4","0","4","4","0","0","0"," "," "," "," "," ","Completely Inactive - Environmental implications don’t cross my mind!","","Egypt","34","Employed with salary","","Female","","300.14","","1.45","2.85","0.96","2.81","4.21","1.72","4.11","2.28","1.81","2.35","2.87","2.65","2.58","2.04","3.78","3.17","2.88","3","22.47","2.66","1.6","2.79","2.53","83.53","3.55","10.65","2.3","2.37","1.69","2.96","1.43","2.01","1.9","1.96","3.26","3.18","1.78","2.99","1.91","2.46","2.1","1.77","3.36","1.59","1.54","","49.27","4.98","2.85","","5.91","8.3","5.14","3.83"
"3","2023-12-17 21:26:10","52","en","1173074119","2023-12-17 21:23:19","2023-12-17 21:26:10","","0","1","1","1","1","1","1","3","2","1","2","1","2","1","3","1","2","3","0","1","1","1","0","2","2","3","3","1","1","1","1","1","2","1","2","2","0","2","1","1","2","3","2","2","3"," "," "," "," "," ","Mostly Inactive - I might make a change if it crossed my mind.","","Iran","23","Student","","Female","","194.45","","3.34","2.65","2.14","1.88","1.73","2.37","3.35","2.2","3.26","2.6","2.19","4.97","1.59","2.09","3.54","3.13","2.37","9.7","2.99","7.64","2.45","1.97","3.63","3.49","2.74","9.44","1.78","4.28","3.15","1.83","2.83","2.16","2.87","3.32","4.79","1.53","2.72","1.52","4.55","2.33","2.21","4.67","2.93","3.37","3.2","","15.07","7.11","1.72","","9.51","6.65","5.42","3.48"
"4","2023-12-17 21:42:28","52","en","1869167684","2023-12-17 21:25:55","2023-12-17 21:42:28","","3","3","","1","3","4","1","1","1","4","4","4","1","1","4","1","1","1","3","3","4","1","1","4","1","1","2","3","3","4","0","1","4","1","1","1","3","4","3","1","3","4","1","2","1"," "," "," "," "," ","Somewhat Proactive - I’m concerned with the Environment and try to make changes whenever possible.","Green and Brown","Portugal ","22","Student","","Female","","1019.44","","5.58","4.02","4.3","4.08","1.89","1.64","2.31","1.66","5.7","2.9","2.09","2.85","5.41","7.2","5.15","2.44","2.13","2.15","4.84","2.05","643.65","1.91","32.04","12.85","8.6","2.91","10.22","4.75","8.31","2.8","7.59","2.47","2.13","2.64","6.81","2.76","30.08","6.54","2.25","4.67","2.54","3.14","2.18","2.63","2.64","","79.51","6.82","16.88","","7.53","5.73","6.38","17.09"
"5","","21","en","1757807182","2023-12-17 21:26:21","2023-12-17 21:27:33","","1","","","","","","","2","","2","1","","","2","","1","2","1","","","","1","2","3","1","","","2","1","2","","","4","1","2","","","","","1","","","1","2","","","","","","","","","","","","","","","79.47","","3.46","","","","","","","5.6","","2.99","2.9","","","2.97","","4.32","5.3","4.02","","","","3.69","3.12","4.89","3.69","","","3.31","3.04","5.83","","","3.02","2.54","7.08","","","","","2.56","","","3.07","2.07","","","","","","","","","",""
"6","2023-12-17 21:32:37","52","en","1207259889","2023-12-17 21:26:55","2023-12-17 21:32:37","","4","4","3","2","3","3","4","4","4","3","3","4","3","1","3","4","5","4","2","1","2","0","0","1","1","1","2","3","3","3","3","3","3","3","4","3","3","3","2","1","3","3","3","1","3"," "," "," "," "," ","Completely Inactive - Environmental implications don’t cross my mind!","I don't know. Maybe green","Cairo ","34","Employed with salary","","Male","","368.86","","51.64","4.52","5.72","6.94","2.46","4.32","2.95","5.9","5.66","9.44","3.19","4.51","5.36","3.09","5.28","11.72","2.35","2.42","2.99","4.11","3.76","1.76","3.05","5.87","3.18","2.56","2.84","3.77","3.42","2.34","3.77","2.88","2.93","5.56","2.46","2.56","2.56","2.67","2.52","5.22","4.53","2.79","3.47","15.62","5.21","","38.58","18.8","27.57","","13.22","11.53","8.35","8.94"
"7","","","en","1266297964","2023-12-17 21:26:57","2023-12-17 21:26:57","","","","","","","","","","","","","","","","","","","","","","","","","","","","","","","","","","","","","","","","","","","","","","","","","","","","","","","","","","","","0","","","","","","","","","","","","","","","","","","","","","","","","","","","","","","","","","","","","","","","","","","","","","","","","","","","","","","",""
"8","2023-12-17 21:31:18","52","en","625760481","2023-12-17 21:27:02","2023-12-17 21:31:18","","0","0","2","0","4","0","0","2","2","0","0","3","0","4","0","1","3","2","0","0","2","0","4","0","0","2","2","0","0","0","0","4","0","0","2","2","0","0","0","0","4","0","0","2","2"," "," "," "," "," ","Somewhat Proactive - I’m concerned with the Environment and try to make changes whenever possible.","Green brown beige, natural colours because they are associated with nature ","Austria","24","Student","","Female","","276.53","","2.39","2.14","2.34","5.28","1.47","5.18","2.13","2.83","3.11","2.46","1.87","3.27","1.85","15.05","2.29","5.59","2.44","3.12","2.27","2.11","4.8","2.26","2.11","6.38","2.49","3.62","3.04","2.18","2.18","9.44","3.31","2.58","11.23","2.23","2.56","5.44","1.88","1.71","2.23","2.27","6.54","1.86","2.34","4.35","2.5","","30.74","24.17","31.71","","8.05","7.7","8.36","5.08"
"9","2023-12-17 21:34:19","52","en","102524833","2023-12-17 21:29:44","2023-12-17 21:34:19","","3","3","2","4","3","3","4","3","4","3","3","4","3","3","4","3","3","3","3","3","4","3","3","4","3","3","3","3","4","4","3","3","4","3","3","3","4","3","3","3","4","4","3","4","3"," "," "," "," "," ","Somewhat Proactive - I’m concerned with the Environment and try to make changes whenever possible.","","India","","Student","","Female","","296.65","","3.29","6.61","9.29","3.47","3.15","3.51","4.12","3.11","3.25","3.03","3.1","3.87","3.03","4.95","5.76","4.95","8.47","3.35","3.19","3.37","5.76","3.39","3.51","3.54","3.27","3.92","3.21","3.85","3.97","3.44","4.39","6.13","12.37","3.27","3.4","5.38","5.31","3.18","4.16","3.91","3.51","2.75","4.6","3.43","2.48","","32.51","15.43","10.09","","7.15","27.63","5.66","5.18"
"10","2023-12-17 21:38:12","52","en","1971665255","2023-12-17 21:29:48","2023-12-17 21:38:12","","2","1","4","2","3","3","3","3","3","1","1","4","1","3","3","2","4","3","2","1","4","2","3","3","2","3","2","2","0","4","1","3","3","3","3","3","2","1","4","2","3","3","2","2","2"," "," "," "," "," ","Somewhat Proactive - I’m concerned with the Environment and try to make changes whenever possible.","I think that nature colours like green if its food related feels eco friendly and blue if its fish or water related. Just feels like thoose colours fits better","Sweden!","29","Student","","Male","","526.89","","2.45","6.12","2.16","4.52","3.76","2.21","8.83","2.84","4.17","1.81","97.43","2.11","3.99","1.72","3.48","4.39","3.79","2.7","2.62","2.58","3.01","2.38","2.44","2.14","3.15","2.98","2.65","6.6","6.44","2.37","109.23","5.55","2.94","17.32","3.7","2.88","3.95","2.33","8.45","1.81","6.04","3.91","22.62","2.92","2.69","","23.75","20.64","62.15","","4.35","10.3","7.09","4.43"
"11","2023-12-17 21:39:15","52","en","1194020214","2023-12-17 21:33:06","2023-12-17 21:39:15","","1","1","2","1","2","2","1","3","1","2","1","2","1","2","2","1","2","1","1","1","4","1","2","2","2","3","1","1","1","1","1","1","1","1","1","1","2","1","2","2","2","1","1","2","1"," "," "," "," "," ","Mostly Inactive - I might make a change if it crossed my mind.","Green Like gras","German","51","Employed with salary","","Female","","368.32","","5.42","2.83","8.15","2.48","2.4","15.22","13.74","2.69","6.66","4.22","3.13","6.2","4.79","4.08","6.71","7.2","3.28","3.41","3.18","3.73","7.61","3.55","2.59","3.78","4.43","2.81","4.34","2.32","2.59","2.8","3.02","2.63","2.78","3.23","3.6","2.83","6.97","8.65","6.21","4.16","2.33","2.38","3.42","8.02","7.95","","37.68","20.8","36.82","","11.2","7.94","29.61","9.75"
"12","2023-12-17 21:39:58","52","en","301267373","2023-12-17 21:33:43","2023-12-17 21:39:58","","1","2","5","0","4","3","2","4","1","1","2","5","0","4","3","1","4","1","1","2","5","0","4","2","2","4","1","1","2","5","0","3","3","1","5","2","1","2","5","0","3","3","2","1","1"," "," "," "," "," ","Mostly Inactive - I might make a change if it crossed my mind.","Green looks like the Natur, so it might be more eco friendly :D

","Germany ","20","Student","","Male","","400.93","","4.92","2.77","2.88","2.04","1.83","2.68","2.84","2.8","13.44","4.38","2.07","8.66","4.08","1.61","2.04","12.19","8.73","3.46","10.65","7.63","2.8","2.34","1.81","4.82","3","2.79","2.48","5","2.22","5","5.18","11.5","2.03","4.52","2.34","12.13","48.73","2.29","2.15","2.19","2.95","1.83","2.83","2.31","1.59","","45.29","33.08","49.87","","9.55","11.84","7.33","5.44"
"13","2023-12-17 21:42:04","52","en","1701877019","2023-12-17 21:34:58","2023-12-17 21:42:04","","1","0","3","2","3","1","0","2","1","4","0","4","2","4","1","1","2","2","0","1","3","0","4","1","0","3","2","0","0","1","0","4","1","0","3","1","1","0","1","0","4","1","1","3","0"," "," "," "," "," ","Somewhat Proactive - I’m concerned with the Environment and try to make changes whenever possible.","Green and blue","Germany","52","Employed with salary","","Male","","450.85","","2.14","6.59","23.19","2.6","5.37","33.65","3.6","3.06","3.77","5.43","4.18","4.4","4.27","3.36","3.7","4.42","2.96","3.76","1.84","2.91","18.28","3.82","3.69","4.71","4.58","3.21","3.39","4.68","2.73","3.27","3.06","10.61","7.68","3.1","2.74","7.64","2.93","2.41","3.61","2.92","2.73","6.59","2.24","2.47","5.8","","64.63","42.18","36.07","","12.41","13.97","31.28","6.22"
"14","","42","en","1471311969","2023-12-17 21:35:24","2023-12-17 21:38:12","","4","4","","2","3","1","1","2","1","1","4","4","1","4","4","2","1","2","4","4","4","1","3","","1","2","2","","4","4","1","3","4","1","1","1","4","4","4","0","4","4","3","1","1","","","","","","","","","","","","","","186.31","","2.58","4.23","","4.14","3.77","2.36","3.93","4.32","5.64","1.78","14.93","3.66","3.76","3.2","3.02","3.69","4.6","3.77","3.55","2.66","3.25","3.2","4.17","","4.43","3.68","7.19","","2.73","2.57","2.95","7.14","4.66","4.46","2.97","2.41","3.01","4.44","5.35","6.68","3.82","2.98","17.99","3.01","3.63","","","","","","","","",""
"15","2023-12-17 22:09:03","52","en","108300388","2023-12-17 21:36:16","2023-12-17 22:09:03","","3","1","2","1","1","4","1","2","2","2","1","3","1","3","4","1","4","2","2","1","3","1","1","4","1","2","2","1","1","1","1","1","3","1","2","1","3","2","2","1","1","3","1","2","2"," "," "," "," "," ","Somewhat Proactive - I’m concerned with the Environment and try to make changes whenever possible.","Green for bio products","Germany","26","Student","","Female","","1988.83","","2.24","4.01","4.87","2.89","2.34","2.09","2.51","2.34","5.21","2.43","6.88","2.47","2.82","4.05","3.45","3.13","3.64","4.3","1.86","7.39","1.95","2.13","2.41","2.46","3.44","2.4","2.64","1.81","2.15","3.43","2.32","1.56","2.99","4.25","2.19","3.19","3.68","2.48","2.6","2.17","4.27","6.66","3.17","2.73","3.89","","42.59","14.13","38.4","","8.14","1732.99","5.03","3.66"
"16","","1","en","2099318932","2023-12-17 21:37:56","2023-12-17 21:38:04","","","","","","","","","","","","4","","","","","","","","","","","","","","","","","","","","","","","","","","","","","","","","","","","","","","","","","","","","","","","","8.68","","","","","","","","","","","","8.68","","","","","","","","","","","","","","","","","","","","","","","","","","","","","","","","","","","","","","","","","","",""
"17","2023-12-17 21:48:20","52","en","1177517908","2023-12-17 21:39:07","2023-12-17 21:48:20","","2","1","3","1","1","2","1","2","2","3","1","4","1","1","1","2","3","2","1","1","3","1","3","1","1","1","2","2","1","4","1","3","0","3","3","2","1","1","3","1","1","1","0","3","2"," "," "," "," "," ","Somewhat Proactive - I’m concerned with the Environment and try to make changes whenever possible.","Green, just for the green association to nature","Colombia ","25","Student","","Male","","577.93","","42.57","2.25","3.04","3.59","1.9","4.19","2.14","3.64","2.05","3.02","2.83","3.69","2.22","2.92","2.35","2.8","2.07","2.97","2.76","1.79","5.8","1.93","38.61","2.73","3.13","143.58","3.11","8.39","3.41","3.33","2.53","2.73","2.09","1.67","1.94","2.32","9.16","2.73","3.73","2.67","1.66","1.52","11.93","2.48","2.59","","20.39","149.36","30.06","","5.24","5.55","4.14","2.63"
"18","","43","en","128146755","2023-12-17 21:45:58","2023-12-17 21:48:40","","3","0","3","0","4","4","3","3","3","3","1","3","0","4","4","3","3","3","","1","3","0","4","4","3","3","3","3","0","3","0","4","4","3","","3","3","1","3","0","4","4","3","3","3","","","","","","","","","","","","","","182.56","","12.54","2.06","1.75","2.17","9.4","2.28","3.85","2.75","1.49","2.31","2.6","2.18","3.1","31.54","4.29","1.97","4.87","11.31","","3.28","4.01","4.56","5.94","2.9","2.75","2.49","2.39","5.89","8.92","2.49","2.37","2.96","2.74","2.39","","3.59","2.42","2.02","1.91","3.25","2.14","2.58","2.27","1.83","2.01","","","","","","","","",""
"19","","27","en","629768482","2023-12-17 21:47:11","2023-12-17 21:48:42","","","","1","","","1","1","4","4","","","1","1","1","","4","4","","","1","1","","","1","1","1","3","","1","","","1","2","2","4","","1","2","1","","1","","1","4","","","","","","","","","","","","","","","103.47","","","","2.6","","","1.96","1.82","3.94","3.02","","","2.1","2.72","1.38","","3.92","2.23","","","20.76","1.77","","","2.91","2.82","1.2","7.26","","4.95","","","4.33","4.69","5.37","6.23","","2.63","3.46","1.83","","1.97","","1.57","4.03","","","","","","","","","",""
"20","","28","en","1893140913","2023-12-17 21:48:26","2023-12-17 21:49:49","","3","2","2","","1","0","","","2","","","3","","1","2","3","","3","3","","","2","3","","2","3","2","","3","2","2","","2","2","","","","2","3","2","2","","","2","2","","","","","","","","","","","","","","93.3","","2.34","6.53","2.84","","1.81","2.57","","","2.68","","","1.98","2.68","10.17","2.17","2.98","","3.06","2.97","","","4.83","2.99","","3.4","3.29","3.42","","2.69","2.43","1.72","","2.29","2.53","","","","5.02","3.94","2.5","3.01","","","2.12","2.34","","","","","","","","",""
"21","2023-12-17 22:16:05","52","en","159139885","2023-12-17 21:49:25","2023-12-17 22:16:05","","5","5","5","4","4","5","4","4","4","4","3","4","4","5","4","5","4","4","5","3","3","5","4","5","4","3","3","4","4","2","5","5","4","4","4","5","5","4","4","5","5","4","4","5","2"," "," "," "," "," ","Somewhat Proactive - I’m concerned with the Environment and try to make changes whenever possible.","blue and green represent sky and water, so this is the reason I prefer blue and green the most sustainable one.","India","23","Student","","Male","","1626.17","","2","2.78","1.4","1.67","1.7","1.99","1.84","13.64","1.33","1.64","6.72","2.82","3.89","2.11","2.16","1.71","2.47","2.7","2.11","2.62","2.26","4.18","1.81","1.19","2.33","4.53","2.4","1.56","3.32","1.98","1.6","1.31","1.88","2.98","76.92","3.32","2.74","3.13","2.57","4.26","4.38","1.53","1.45","2.55","11.36","","57.69","10.26","1328.82","","8.05","5.87","4.75","3.89"
"22","2023-12-17 21:58:14","52","en","1760350276","2023-12-17 21:51:42","2023-12-17 21:58:14","","2","2","2","1","2","2","2","2","2","2","2","2","2","2","2","2","2","2","2","2","2","1","3","2","2","2","2","2","2","2","1","2","2","2","2","2","2","2","2","1","2","2","2","2","2"," "," "," "," "," ","Mostly Inactive - I might make a change if it crossed my mind.","Green","Germany","53","Self-employed","","Male","","415.68","","2.34","2.89","2.27","9.87","2.51","3.14","3.32","2.1","10.44","8.71","12.72","7.43","1.84","2.05","2.42","16.91","2.15","2.09","1.77","2.54","2.4","2.54","16.24","2.47","7.24","1.47","13.72","8.19","2.35","2.75","2.98","4.56","3.91","2.09","21.52","2.53","27.98","1.86","6.75","3.82","3.08","3.54","4.36","3.3","2.32","","57.16","45.06","16.68","","11.47","6.88","16.75","8.2"
"23","","","en","919911172","2023-12-17 21:52:13","2023-12-17 21:52:13","","","","","","","","","","","","","","","","","","","","","","","","","","","","","","","","","","","","","","","","","","","","","","","","","","","","","","","","","","","","0","","","","","","","","","","","","","","","","","","","","","","","","","","","","","","","","","","","","","","","","","","","","","","","","","","","","","","",""
"24","2023-12-17 22:05:57","52","en","1175091310","2023-12-17 21:53:02","2023-12-17 22:05:57","","3","3","3","1","3","3","3","3","3","3","3","1","1","2","2","2","3","4","2","2","2","1","4","3","1","2","3","2","2","2","1","4","2","1","2","2","2","4","4","1","3","4","3","3","3"," "," "," "," "," ","Somewhat Proactive - I’m concerned with the Environment and try to make changes whenever possible.","","Egypt","35","Self-employed","","Male","","799.8","","10.46","6.34","9.23","2.82","9.51","3.24","3.82","2.3","457.48","3.19","2.41","3.53","3.25","3.16","4.37","6.76","5.34","3.02","5.63","11.4","6.1","4.68","2.46","3.41","3.78","3.46","4.59","4.11","7.49","4.8","3.89","5.6","2.93","6.18","7.86","10.21","6.58","3.63","3.19","5.54","4.48","6","7.64","5.36","3.49","","32.51","27.37","5.61","","12.82","9.1","14.01","13.66"
"25","2023-12-17 22:00:03","52","en","1216916665","2023-12-17 21:54:36","2023-12-17 22:00:03","","0","1","1","0","1","3","0","0","0","5","1","5","0","4","5","4","3","3","3","2","3","0","3","4","2","3","1","0","0","1","0","3","2","0","1","0","1","2","2","2","2","4","2","1","2"," "," "," "," "," ","Somewhat Proactive - I’m concerned with the Environment and try to make changes whenever possible.","Green, natural wooden colors because that's what's found in the nature I grew up with.","Germany","23","Student","","Male","","348.91","","4.33","2.81","6.59","2.01","3.34","3.12","2.56","2.72","2.13","3.32","3.82","2.35","4.18","2.67","3.17","2.19","3.14","2.95","44.31","3.36","2.8","2.62","2.72","2.95","3.46","2.69","2.5","1.72","2.05","4.32","2.27","4.01","19.53","2.39","2.58","2.36","3.66","2.62","2.37","7.39","3.36","3.91","3.69","6.18","5.45","","15.14","2.76","111.94","","4.49","3.98","2.91","3.02"
"26","2023-12-17 22:06:38","52","en","299319867","2023-12-17 21:55:07","2023-12-17 22:06:38","","3","3","3","3","3","4","3","3","3","3","3","3","5","3","4","3","3","3","3","3","3","3","3","4","5","3","3","3","3","3","3","3","4","3","3","3","3","3","3","3","3","4","3","3","3"," "," "," "," "," ","Mostly Inactive - I might make a change if it crossed my mind.","Color does not influence my perception of eco friendlieness","germany","59","Employed with salary","","Male","","716.76","","2.74","7.76","2.55","18.52","2.24","5.09","6.57","2.11","5.73","3.92","3.56","4.75","1.79","2.5","6.51","6.26","7.92","4.1","7.57","2.67","13.82","5.19","10.03","5.09","1.72","7.92","6.16","1.69","2.87","7.45","7.49","11.9","17.36","3.76","7.72","3.21","8.45","6.1","2.75","2.83","26.16","4.22","25.51","2","4.6","","25.12","38.62","309.03","","10.49","9.78","15.39","7.47"
"27","2023-12-17 22:03:28","52","en","2078409283","2023-12-17 21:59:58","2023-12-17 22:03:28","","4","2","4","2","3","4","2","4","3","4","3","5","2","3","4","4","4","4","2","2","3","2","4","4","4","3","4","2","2","3","3","4","4","3","4","3","5","2","4","2","3","4","3","3","3"," "," "," "," "," ","Somewhat Proactive - I’m concerned with the Environment and try to make changes whenever possible.","","Germany","52","Employed with salary","","Male","","235.03","","2.6","1.97","2.65","3.55","2.3","2.13","4.34","2.84","2.85","2.7","3.92","3.35","2.51","1.71","1.61","1.87","2.51","3.25","2.19","2.33","2.72","3.27","2.76","2.72","5.42","2.28","8.4","3.91","4.13","3.07","6.55","3.07","2.54","2.91","2.34","3.69","3.79","2.07","3.03","2.2","2.56","2","3.89","4.71","2.13","","33.45","13.75","6.77","","9.62","5.31","13.57","13.22"
"28","","17","en","786222018","2023-12-17 22:01:52","2023-12-17 22:02:31","","4","0","","","5","4","","3","","4","","3","","3","","","","","3","","","","","","","","2","2","","","","3","","","","0","","","1","","4","","","3","0","","","","","","","","","","","","","","47","","2.86","2.31","","","3","2.37","","2.95","","2.74","","3.03","","2.27","","","","","5.37","","","","","","","","3.81","2.48","","","","2.6","","","","2.78","","","1.64","","2.07","","","3.05","1.67","","","","","","","","",""
"29","","10","en","873580573","2023-12-17 22:02:03","2023-12-17 22:02:47","","","","","","","","","","0","0","","","","","","","3","","","","4","","","","","","0","","1","","","1","","","","","","","1","","1","","","","0","","","","","","","","","","","","","","48.59","","","","","","","","","","5.02","6.98","","","","","","","2.95","","","","2.45","","","","","","3.47","","3.99","","","8.64","","","","","","","2.91","","9.48","","","","2.7","","","","","","","","",""
"30","","24","en","1931203665","2023-12-17 22:02:21","2023-12-17 22:04:33","","2","","","0","3","2","1","4","","","2","3","","3","","4","","4","","","4","","3","","0","","","2","2","3","","","1","","","","2","1","2","","","1","0","","4","","","","","","","","","","","","","","142.46","","7.21","","","2.84","8.78","4.3","9","4.25","","","4.67","16.74","","3.58","","7.33","","3.31","","","7.17","","4.88","","3.24","","","3.5","6.26","5.48","","","4.56","","","","2.45","8.15","5.95","","","9.07","3.94","","5.8","","","","","","","","",""
"31","","2","en","562205535","2023-12-17 22:04:50","2023-12-17 22:04:57","","","2","","","","","","","","","","","","","","","","","","","","","","","","","","","","","","","","","","","","","","0","","","","","","","","","","","","","","","","","","","8.34","","","5.84","","","","","","","","","","","","","","","","","","","","","","","","","","","","","","","","","","","","","","2.5","","","","","","","","","","","","","",""
"32","","0","en","105123776","2023-12-17 22:06:41","2023-12-17 22:06:44","","","","","","","","","","","","","","","","","","","","","","","","","","","","","","","","","","","","","","","","","","","","","","","","","","","","","","","","","","","","3.99","","","","","","","","","","","","3.99","","","","","","","","","","","","","","","","","","","","","","","","","","","","","","","","","","","","","","","","","","",""
"33","","28","en","1028406727","2023-12-17 22:11:13","2023-12-17 22:11:49","","1","3","3","","3","","","","","3","3","2","","3","","3","3","","2","2","","4","2","3","2","2","","5","","3","3","4","","3","1","","","3","","4","","4","","1","3","","","","","","","","","","","","","","50.95","","2.35","2.47","1.61","","1.38","","","","","1.76","1.85","4.99","","1.18","","1.75","1.29","","1.89","2.15","","2.04","1.55","1.53","1.86","1.09","","1.92","","2.11","1.66","0.91","","2.02","1.72","","","0.89","","1.93","","1.47","","2.31","1.27","","","","","","","","",""
"34","2023-12-17 22:24:41","52","en","48809505","2023-12-17 22:19:03","2023-12-17 22:24:41","","2","0","4","0","1","0","1","1","2","2","1","3","3","3","2","1","3","4","2","1","4","1","1","1","1","2","2","2","1","4","0","1","0","1","2","2","2","2","3","0","2","1","1","2","3"," "," "," "," "," ","Mostly Inactive - I might make a change if it crossed my mind.","Green=planet, nature,etc","Colombia","32","Self-employed","","Male","","359.26","","4.15","4.98","6.98","2.86","3.31","3.75","4.97","3.06","5.39","7.01","3.65","3.73","5.24","4.92","3.38","3.9","5.28","12.3","39.23","2.03","4.24","3.36","3.96","2.61","3.14","5","3.88","3.3","3.7","4.54","4.16","4.05","2.94","3.13","3.79","2.62","2.77","3.13","3.34","3.91","2.61","2.95","3.3","3.63","3.74","","68.57","22.86","21.2","","6.63","5.56","11.28","5.24"
"35","2023-12-17 22:27:31","52","en","42938746","2023-12-17 22:23:25","2023-12-17 22:27:31","","1","0","1","0","1","2","3","5","5","1","0","1","0","2","2","5","5","5","1","0","1","0","2","0","4","5","5","1","1","1","0","1","2","4","5","5","1","0","1","0","1","2","3","5","5"," "," "," "," "," ","Somewhat Proactive - I’m concerned with the Environment and try to make changes whenever possible.","I perceive colors that I connect with nature as eco friendly such as green, beige or earthy tones or wooden tones/textures","Germany","24","Student","","Female","","267.4","","5.32","1.76","5.16","1.89","2.5","3.69","3.15","1.75","2.77","1.99","2.61","1.97","1.96","4.35","4.11","1.68","1.83","2.74","2.78","1.93","2.03","2.75","4.14","4.4","3.25","2.03","2.12","3.32","5.84","2.42","2.19","3.89","4.79","8.81","2.27","4.23","5.43","2.16","2.29","2.43","3.03","2.54","4.58","2.53","2.79","","27.02","13.26","65.72","","7.05","4.14","4.28","3.73"
"36","","","en","1420558597","2023-12-17 22:23:32","2023-12-17 22:23:32","","","","","","","","","","","","","","","","","","","","","","","","","","","","","","","","","","","","","","","","","","","","","","","","","","","","","","","","","","","","0","","","","","","","","","","","","","","","","","","","","","","","","","","","","","","","","","","","","","","","","","","","","","","","","","","","","","","",""
"37","","2","en","1426611427","2023-12-17 22:24:15","2023-12-17 22:24:27","","","","","","3","","","","","","","","","","","","","","","","","","","","","","","","","","","","","","","","","","","","3","","","","","","","","","","","","","","","","","","13.13","","","","","","8.57","","","","","","","","","","","","","","","","","","","","","","","","","","","","","","","","","","","","4.56","","","","","","","","","","","","",""
"38","2023-12-17 22:28:57","52","en","1202763281","2023-12-17 22:24:54","2023-12-17 22:28:57","","1","1","1","1","3","2","1","1","1","2","1","3","2","3","2","1","1","1","1","1","1","1","3","2","1","2","2","1","1","1","1","3","1","1","1","1","1","1","1","1","3","3","1","1","2"," "," "," "," "," ","Somewhat Proactive - I’m concerned with the Environment and try to make changes whenever possible.","eco friendly products have been associated with the colour green for a long time to represent ‘green’ movements and the environment ","","24","Student","","Female","","261.18","","3.41","1.85","1.71","7.98","3.55","2.21","1.86","1.65","2.97","4.68","6","2.74","3.37","1.95","2.83","1.96","2.71","3.37","1.98","2.31","3.77","4.46","5.5","5.06","2.52","8.56","3.07","2.09","3.13","2.58","2.54","6.8","2.33","1.79","2.67","2.07","1.59","2.06","6.8","2.62","3.18","2.01","3.87","4.95","3.95","","28.43","10.04","48.8","","9.83","4.92","4.18","3.92"
"39","","10","en","419605722","2023-12-17 22:25:28","2023-12-17 22:26:28","","3","","","","","4","","","2","","","","","","","","","","","","","3","","","","","2","3","3","","","4","","","","2","3","","","","","","","","","","","","","","","","","","","","","","64.26","","4.75","","","","","13.38","","","4.64","","","","","","","","","","","","","5.01","","","","","13.38","3.02","3.34","","","7.69","","","","4.16","4.89","","","","","","","","","","","","","","","","",""
"41","","22","en","2132757706","2023-12-17 22:27:15","2023-12-17 22:29:00","","1","","","","2","","","2","2","2","","4","","","1","","2","1","2","1","","","2","","","","2","","","4","1","","2","","","","1","1","4","1","","","2","","2","","","","","","","","","","","","","","114.82","","2.32","","","","2.39","","","6.38","4.19","9.13","","5.33","","","5.9","","3.33","3.42","4.54","5.03","","","10.47","","","","3.07","","","10.51","4.77","","5.38","","","","5.13","2.51","5.73","6.81","","","5.66","","2.82","","","","","","","","",""
"42","","20","en","1233473622","2023-12-17 22:32:32","2023-12-17 22:33:54","","","","","3","","3","2","2","2","3","","4","2","3","3","","","","","","","1","","3","","4","","","2","2","","3","","","","2","","3","","1","","3","","","","","","","","","","","","","","","","","87.47","","","","","2.82","","2.59","7.18","4.52","4.63","3.71","","3.43","2.69","3.15","5.43","","","","","","","3.1","","3.38","","3.3","","","3.25","6.5","","6.38","","","","4.64","","4.08","","5.15","","7.54","","","","","","","","","","","",""
"43","2023-12-17 22:37:58","52","en","268857429","2023-12-17 22:34:34","2023-12-17 22:37:58","","1","0","1","1","1","0","1","4","3","2","3","1","0","2","1","1","2","2","0","1","0","1","0","0","2","3","3","1","1","0","0","1","1","1","3","3","1","1","0","2","0","0","1","3","2"," "," "," "," "," ","Extremely Proactive - I’m deeply concerned and I always consider the Environmental implications of my actions.","Green ","India","24","Student","","Male","","224.42","","1.73","2.2","2.94","3.85","2.98","3.44","2.4","8.13","2.98","3.31","2.44","2.33","2.37","3.33","3.59","2.15","2.35","2.27","1.85","2.99","2.64","2.44","2.39","2.24","2.26","2","2.31","2.06","4.15","2.05","2.62","2.12","2.88","3.41","2.74","2.62","2.06","1.87","2","3.04","2.59","3.32","4.18","3.13","3.88","","42.02","15.55","11.68","","6.61","6.68","11.34","3.91"
"44","","","en","563522543","2023-12-17 22:36:00","2023-12-17 22:36:00","","","","","","","","","","","","","","","","","","","","","","","","","","","","","","","","","","","","","","","","","","","","","","","","","","","","","","","","","","","","0","","","","","","","","","","","","","","","","","","","","","","","","","","","","","","","","","","","","","","","","","","","","","","","","","","","","","","",""
"45","","21","en","2107178882","2023-12-17 22:40:20","2023-12-17 22:41:19","","","3","1","","3","","","","3","","3","","1","","1","","","","","","","1","1","","2","2","2","1","","1","1","","","1","","","1","2","1","1","","","1","","","","","","","","","","","","","","","","68","","","3.5","2.58","","2.54","","","","7.69","","2.87","","1.77","","3.99","","","","","","","1.69","2.15","","6.88","3.13","4.42","2.17","","4.86","3.03","","","3.25","","","2.41","3.29","1.98","1.52","","","2.28","","","","","","","","","","",""
"46","","9","en","1729902520","2023-12-17 22:50:31","2023-12-17 22:51:17","","","","","","","","","","","","","","","2","5","","","4","","3","","","3","3","3","","","","","","","","","","","","2","","","","","","","4","","","","","","","","","","","","","","","50.58","","","","","","","","","","","","","","","3.05","6.25","","","7.83","","6.87","","","3.2","4.58","3.86","","","","","","","","","","","","4.59","","","","","","","10.35","","","","","","","","","",""
"47","2023-12-17 23:00:58","52","en","78980478","2023-12-17 22:56:27","2023-12-17 23:00:58","","1","1","1","0","3","3","1","1","1","1","1","3","0","3","3","1","1","1","1","1","2","0","3","3","1","0","0","1","1","1","2","2","3","1","0","1","1","1","1","2","3","3","1","1","1"," "," "," "," "," ","Somewhat Proactive - I’m concerned with the Environment and try to make changes whenever possible.","Warm colors, don't know why","Timbuktu ","41","Military","","Other","Whatever, who cares","286.12","","2.21","2.04","1.9","2.49","1.6","2.75","3.28","2.99","3.97","4.13","2.9","6.53","8.73","1.99","2.18","1.96","2.57","2.16","3.12","2.56","2.41","2.92","1.98","2.3","2.87","2.39","1.98","5.23","2.45","2.17","1.48","4.78","5.35","1.98","2.18","2.15","2.2","8.11","4.35","1.94","3.89","2.39","2.37","1.49","1.82","","30.15","17.97","24.23","","8.52","14.65","7.66","47.7"
"48","","1","en","210051666","2023-12-17 22:56:56","2023-12-17 22:57:16","","","","","","","","","","","","","","","","","","","","","","","4","","","","","","","","","","","","","","","","","","","","","","","","","","","","","","","","","","","","","20.36","","","","","","","","","","","","","","","","","","","","","","","20.36","","","","","","","","","","","","","","","","","","","","","","","","","","","","","","","",""
"50","","7","en","1424750602","2023-12-17 23:43:52","2023-12-17 23:44:30","","","","","","","","0","","1","","1","","","","4","0","","","2","","","","","","","","","","","","","","","","","","","","","","","","","","1","","","","","","","","","","","","","","40.29","","","","","","","","8.62","","6.58","","4.9","","","","5.61","7.77","","","4.21","","","","","","","","","","","","","","","","","","","","","","","","","","2.6","","","","","","","","",""
"51","","","en","101767579","2023-12-17 23:44:32","2023-12-17 23:44:32","","","","","","","","","","","","","","","","","","","","","","","","","","","","","","","","","","","","","","","","","","","","","","","","","","","","","","","","","","","","0","","","","","","","","","","","","","","","","","","","","","","","","","","","","","","","","","","","","","","","","","","","","","","","","","","","","","","",""
"52","","1","en","1722919909","2023-12-18 00:18:49","2023-12-18 00:19:03","","","","","","","","","","","","","","","","","","","","","","","","","","","","","","","","","","","","","","","","","","2","","","","","","","","","","","","","","","","","","14.6","","","","","","","","","","","","","","","","","","","","","","","","","","","","","","","","","","","","","","","","","","14.6","","","","","","","","","","","","",""
"53","","","en","205026070","2023-12-18 00:46:05","2023-12-18 00:46:05","","","","","","","","","","","","","","","","","","","","","","","","","","","","","","","","","","","","","","","","","","","","","","","","","","","","","","","","","","","","0","","","","","","","","","","","","","","","","","","","","","","","","","","","","","","","","","","","","","","","","","","","","","","","","","","","","","","",""
"54","","","en","1222893951","2023-12-18 01:00:45","2023-12-18 01:00:45","","","","","","","","","","","","","","","","","","","","","","","","","","","","","","","","","","","","","","","","","","","","","","","","","","","","","","","","","","","","0","","","","","","","","","","","","","","","","","","","","","","","","","","","","","","","","","","","","","","","","","","","","","","","","","","","","","","",""
"55","","3","en","1391502863","2023-12-18 01:04:49","2023-12-18 01:05:05","","","","","","","","","","","","","","","","","","","3","","","","","","","","","","","","","","","","","","","1","1","","","","","","","","","","","","","","","","","","","","","17.18","","","","","","","","","","","","","","","","","","","5.27","","","","","","","","","","","","","","","","","","","6.5","5.41","","","","","","","","","","","","","","","",""
"56","2023-12-18 01:09:01","52","en","12806523","2023-12-18 01:05:31","2023-12-18 01:09:01","","0","1","4","0","2","3","3","4","3","1","1","3","0","2","4","2","4","4","1","0","3","0","2","4","2","3","4","0","0","3","0","1","2","2","3","3","1","1","3","0","2","1","2","3","3"," "," "," "," "," ","Somewhat Proactive - I’m concerned with the Environment and try to make changes whenever possible.","Green feels kinda eco bc it's associated with nature","Germany","24","Student","","Female","","229.61","","2.41","2.21","2.43","3.46","2.4","3.24","2.47","6.34","2.26","2.64","2.72","3.48","2.56","2.04","2","3.35","2.69","5.96","2.74","3.09","2.35","2.31","3.36","3.05","3.48","2.54","3.13","2.35","2.75","3.38","2.34","2.34","3.15","2.82","2.64","2.92","2.35","2.25","3.01","2.76","2.62","3.11","3.29","2.01","2.09","","21.53","14.87","44.94","","4.22","4.25","5.76","5.15"
"57","2023-12-18 03:31:18","52","en","1416952315","2023-12-18 03:25:25","2023-12-18 03:31:18","","3","3","4","3","3","3","3","3","3","3","3","4","3","3","3","3","3","3","3","3","4","3","3","3","3","3","3","3","3","4","3","3","3","3","3","3","3","3","4","3","3","3","3","3","3"," "," "," "," "," ","Somewhat Proactive - I’m concerned with the Environment and try to make changes whenever possible.","Green
Blue
They are related to nature’s color and they are not provoking","Egypt","35","Out of work / Not Working","","Female","","379.5","","19.11","3.53","3.71","2.04","2.5","5.98","1.83","30.93","1.72","2.8","6.12","9.85","10.6","6.91","4.49","15.45","4.98","7.91","2.48","2.65","4.47","2.58","2.73","5.17","5.19","4.25","5.45","4.25","6.66","2.89","12.7","3.16","6.31","2.84","5.28","2.59","2.35","2.81","5.79","2.26","2.92","5.35","3.14","4.9","2.73","","39.95","12.9","41.97","","5.43","8.27","11.67","4.95"
"58","","","en","1988111813","2023-12-18 04:50:02","2023-12-18 04:50:02","","","","","","","","","","","","","","","","","","","","","","","","","","","","","","","","","","","","","","","","","","","","","","","","","","","","","","","","","","","","0","","","","","","","","","","","","","","","","","","","","","","","","","","","","","","","","","","","","","","","","","","","","","","","","","","","","","","",""
"59","2023-12-18 05:22:18","52","en","586402851","2023-12-18 05:10:06","2023-12-18 05:22:18","","1","1","5","1","5","2","1","4","4","2","2","5","2","5","3","1","4","4","1","1","4","3","5","2","1","4","4","3","1","5","3","4","2","1","4","4","1","1","5","2","4","2","1","4","3"," "," "," "," "," ","Extremely Proactive - I’m deeply concerned and I always consider the Environmental implications of my actions.","Green is often the colour used to symbolize the environment. Green also societally means “Go” or “Good” (whereas red may tend to symbolize “Stop” or “Danger). I think this stems back from when humans were primitive and most of the things we saw in the forest was green so it was a safe colour but red was a less familiar colour. Also sustainable brands tend to have already adopted green as a symbol colour so maybe our brains just start to expect that association. As I am more active with environmental activism I am more inclined to look at specific labels on the packaging.","Canada","21","Student","","Female","","750.33","","3.76","2.56","3.99","2.13","2.26","12.25","6.04","2.43","5.47","11.92","5.04","54.18","5.3","3.2","2.98","19","9.66","6.47","4.28","1.88","2.12","4.97","4.04","5.09","7.33","3.64","3.2","7.2","12.42","13.77","2.6","10.63","3.12","3.15","5.75","3.24","8.01","1.83","8.88","10.35","8.9","4","2.05","15.97","8.52","","28.15","22.87","350.63","","7.08","8.03","4.6","3.39"
"60","","","en","442300574","2023-12-18 05:28:20","2023-12-18 05:28:20","","","","","","","","","","","","","","","","","","","","","","","","","","","","","","","","","","","","","","","","","","","","","","","","","","","","","","","","","","","","0","","","","","","","","","","","","","","","","","","","","","","","","","","","","","","","","","","","","","","","","","","","","","","","","","","","","","","",""
"61","2023-12-18 06:49:07","52","en","263273675","2023-12-18 06:42:27","2023-12-18 06:49:07","","4","1","3","3","3","0","1","3","2","3","2","5","2","5","2","3","5","2","2","2","2","3","5","1","1","3","2","2","2","2","2","4","2","1","3","3","3","4","3","4","5","2","1","4","3"," "," "," "," "," ","Mostly Inactive - I might make a change if it crossed my mind.","I feel it's more which colours appear more friendly while suiting the packaging as well makes a big difference. The combination makes it seem eco friendly. I'd say green and purple probably were the ones that most stood out to me. ","India","22","Student","","Male","","422.19","","11.88","2.57","14.66","3.25","3.41","5.09","5.44","6.92","3.24","7.79","2.92","4.24","12.61","4.83","6.15","4.36","5.34","7.05","3.6","2.94","3.11","6.33","5.6","3.87","6.48","6.94","3.43","5.1","10.01","3.83","3.12","12.53","3.24","4.86","7.66","10.4","5.1","4.36","5.9","5.1","3.21","3.19","3.47","5.83","6.12","","34.73","17.03","96.46","","4.33","4.17","3.8","4.59"
"62","2023-12-18 07:32:21","52","en","827477254","2023-12-18 07:25:26","2023-12-18 07:32:21","","2","2","3","2","3","3","2","3","2","2","2","3","2","3","3","2","3","2","2","2","3","2","3","3","2","3","3","2","2","3","2","2","3","2","2","2","3","2","3","2","3","3","2","3","2"," "," "," "," "," ","Mostly Inactive - I might make a change if it crossed my mind.","We usually associate green with plants & nature... blue with water & purety","Egypt","39","Employed with salary","","Female","","441.55","","2.59","2.19","3.27","18.38","8.61","5.68","5.47","8.55","13.9","5.77","6.31","9.99","5.02","12.91","2.71","5.11","4.9","7.07","3.95","2.47","4.99","2.83","3.9","3.29","4.7","3.64","6.54","4.97","3.99","2.61","7.48","5.95","3","4.52","8.26","5.85","4.48","27.68","3.23","3.28","3.84","5.12","9.94","3.2","3.72","","25.08","28.87","67.65","","7.68","11.8","14.87","9.74"
"63","2023-12-18 07:59:36","52","en","560850012","2023-12-18 07:55:22","2023-12-18 07:59:36","","2","2","3","1","1","2","3","4","5","5","5","4","0","1","3","5","4","5","4","2","2","0","0","0","3","5","4","3","3","3","0","1","2","3","2","5","2","3","3","0","0","2","3","5","5"," "," "," "," "," ","Completely Inactive - Environmental implications don’t cross my mind!","Green is like the eco-friendly color.","India","23","Employed with salary","","Male","","276.28","","2.81","2.28","7.69","2.39","2.05","2.44","2.22","2.18","2.49","2.23","1.61","3.59","1.71","3.1","2.66","1.87","1.6","2.09","6.23","1.57","2.4","2.55","1.75","2.18","2.84","23.99","10.98","3.29","13.86","2.54","3.63","2.27","2.67","2.02","2.46","2.09","1.74","2.03","1.75","1.75","2.99","3.51","2.8","8.07","2.26","","38.6","14.16","23.62","","13.22","4.32","8.41","10.72"
"64","","1","en","875701082","2023-12-18 09:28:25","2023-12-18 09:28:41","","","","","","","","","","","","","","","","","","2","","","","","","","","","","","","","","","","","","","","","","","","","","","","","","","","","","","","","","","","","","16.13","","","","","","","","","","","","","","","","","","16.13","","","","","","","","","","","","","","","","","","","","","","","","","","","","","","","","","","","","",""
"65","2023-12-18 10:43:37","52","en","968171013","2023-12-18 10:41:12","2023-12-18 10:43:37","","1","1","1","1","0","0","0","1","1","1","0","1","1","1","1","1","1","1","0","1","4","0","1","1","0","1","1","1","0","1","0","0","1","1","2","1","0","0","","0","1","1","1","2","1"," "," "," "," "," ","Somewhat Proactive - I’m concerned with the Environment and try to make changes whenever possible.","","DE","27","Employed with salary","","Male","","167.45","","1.67","3.65","2.21","1.23","2.38","1.55","3.03","1.38","8.41","1.43","1.44","1.4","1.05","1.62","1.54","1.55","1.38","2","3.03","0.83","5.36","1.07","1.37","4.58","4.05","6.93","4.62","1.25","2.4","0.9","1.26","1.32","0.92","1.53","2.23","1.09","2.54","1.71","4.37","5","1.46","2.18","1.15","3.28","1.64","","24.95","9.83","2.63","","9.12","5.59","5.26","3.08"
"66","","10","en","1550103710","2023-12-18 10:42:01","2023-12-18 10:45:19","","","4","","","","","","","","3","","","0","","","2","4","","","","","","","","","","","","","","0","1","4","","","","3","","","","","","","4","","","","","","","","","","","","","","","203.57","","","16.16","","","","","","","","10.1","","","4.93","","","19.8","14.58","","","","","","","","","","","","","","8.9","8.69","96.58","","","","13.1","","","","","","","10.73","","","","","","","","","",""
"67","2023-12-18 11:22:13","52","en","2108864999","2023-12-18 11:17:30","2023-12-18 11:22:13","","5","0","3","2","4","4","0","5","3","5","3","5","2","5","4","3","5","5","5","3","2","3","4","5","0","4","2","4","0","4","3","4","5","1","3","1","4","2","2","3","4","4","2","4","3"," "," "," "," "," ","Somewhat Proactive - I’m concerned with the Environment and try to make changes whenever possible.","Green - Color of grass, trees. ","Lithuania","25","Student","","Female","","309.57","","2.45","3.26","4.44","2.71","2.99","6.27","3.78","2.83","4.92","3.89","5.5","2.76","6.86","2.45","3.54","2.67","4.01","1.95","2.38","19.56","5.02","2.8","2.88","3.32","3.11","2.8","11.28","3.64","2.12","7.14","4.72","3.33","1.97","5.75","6.65","3.65","2.69","3.61","2.94","3.62","4.78","2.46","4.78","2.42","3.69","","30.06","17.49","42.34","","6.64","5.73","8.24","8.68"
"68","2023-12-18 13:43:32","52","en","888133847","2023-12-18 13:40:54","2023-12-18 13:43:32","","1","0","0","4","0","1","1","0","4","1","0","4","0","1","5","0","1","4","1","0","1","0","1","4","0","1","4","5","0","0","0","1","1","1","1","1","5","1","1","4","0","4","0","5","1"," "," "," "," "," ","Somewhat Proactive - I’m concerned with the Environment and try to make changes whenever possible.","","Sweden ","24","Student","","Female","","183.87","","2.99","2.81","2.25","1.59","2.71","1.92","2.96","1.85","5.47","1.91","2.32","2.52","1.58","1.69","2.83","2.1","1.61","15.64","1.9","1.95","2.17","4.43","2.52","1.89","3.09","1.97","3.75","8.9","1.96","2.71","5.29","1.44","2.2","2.2","1.43","1.46","1.18","1.61","2.14","1.84","2.44","2.47","1.51","2.3","1.88","","18.61","11.78","4.6","","6.14","5.83","6.45","5.08"
"69","2023-12-18 14:21:19","52","en","1678849062","2023-12-18 14:08:32","2023-12-18 14:21:19","","3","2","3","2","3","2","2","3","2","3","2","4","3","4","3","3","3","3","2","2","4","1","1","2","2","4","3","3","2","3","1","4","2","2","2","2","2","2","2","2","3","3","1","2","3"," "," "," "," "," ","Somewhat Proactive - I’m concerned with the Environment and try to make changes whenever possible.","Green","Germany","22","Student","","Female","","791.29","","4.97","2.99","4.61","10.7","5.12","3.64","3.99","8.33","14.46","3.77","3.94","3.89","5.77","3.77","4.09","12.15","3.45","5.98","4.83","5.32","5.15","3.51","3.47","5.68","11.51","3.41","2.91","6.42","4.37","3.54","13.6","4.72","3.56","6.18","3.91","4.94","2.36","3.02","3.27","6","5.06","7.62","4.08","3.92","4.63","","343.78","140.99","31.54","","6.77","6.09","5.68","13.83"
"70","","25","en","1732180597","2023-12-18 14:23:17","2023-12-18 14:25:01","","","","","2","3","2","2","3","3","","3","","","","","","4","4","3","2","4","2","","","3","3","3","","2","3","2","3","","","3","","","2","3","","","","2","","4","","","","","","","","","","","","","","113.96","","","","","2.25","2.55","3.24","9.4","8.48","10.06","","3.97","","","","","","1.98","2.38","11.69","5.86","2.42","4.76","","","1.92","2.01","1.62","","2.77","2.67","2.11","3.54","","","2.05","","","9.13","10","","","","4.53","","2.57","","","","","","","","",""
"71","2023-12-18 15:15:05","52","en","1055224824","2023-12-18 15:09:45","2023-12-18 15:15:05","","3","2","4","1","2","2","2","4","3","3","3","4","1","3","3","3","4","3","1","1","1","1","4","2","1","4","3","1","2","2","1","2","3","3","2","3","3","3","2","1","3","3","2","4","4"," "," "," "," "," ","Somewhat Proactive - I’m concerned with the Environment and try to make changes whenever possible.","Since sustainability started to be a new trend in companies, they have added green and blue colors to associate them with nature and water","Costa Rica","24","Student","","Female","","340.03","","4.62","2.29","2.47","3.07","15.31","3.87","3.14","2.25","2.62","2.34","6.16","2.73","2.44","4.17","2.57","9.99","1.57","4.56","2.89","2.16","2.81","3.14","2.21","3.26","2.93","3.31","3.35","6.93","2.23","2.06","2.2","4.35","3.64","4.75","3.27","7.25","3.18","11.04","1.86","2.04","5.18","3.67","8.98","3.81","6.09","","22.62","15.39","94.41","","7.45","5.4","7.96","2.04"
"72","","46","en","2090182370","2023-12-18 16:00:19","2023-12-18 16:07:47","","3","3","4","2","3","3","2","2","2","2","2","4","1","2","3","2","2","2","3","2","4","2","2","3","2","2","2","2","3","4","2","3","3","2","2","2","2","2","4","2","3","3","2","2","2"," "," "," "," "," ","","","","","","","","","433.02","","4.02","3.69","3.37","3.83","5.19","96.41","4.61","3.58","2.57","3.57","4.03","4.47","19","3.46","2.61","3.03","5.52","7.21","4.54","12.93","12.17","3.09","49.62","4.64","7.08","8.95","3.62","19.21","4.39","6.94","3.91","2.16","11.43","6.47","11.67","2.41","5.99","2.97","2.93","2.29","14.26","2.76","2.7","4.89","11.96","","26.87","","","","","","",""
"73","","32","en","36955246","2023-12-18 16:00:29","2023-12-18 16:03:00","","","1","1","0","4","3","1","1","1","2","1","1","2","","","1","","1","1","1","1","3","","0","1","1","1","","0","0","3","3","3","","","2","","1","","","4","","","1","1","","","","","","","","","","","","","","164.96","","","4.2","3.34","5.34","3.09","2.84","5.85","3.38","6.69","11.19","3.51","3.93","4.22","","","3.46","","2.7","3.32","3.16","5.08","4.39","","2.65","7.64","13.9","8.38","","2.75","2.98","3.39","8.24","12.38","","","4.96","","5.92","","","3.56","","","3.2","5.32","","","","","","","","",""
"74","2023-12-18 16:26:15","52","en","1460541555","2023-12-18 16:20:53","2023-12-18 16:26:15","","2","2","2","0","4","2","0","2","1","3","2","3","0","3","3","0","2","0","2","2","3","0","3","2","1","3","1","2","1","4","0","3","3","0","2","0","2","2","3","0","3","2","0","3","2"," "," "," "," "," ","Mostly Inactive - I might make a change if it crossed my mind.","","","57","Employed with salary","","Male","","344.64","","2.44","3.02","3.57","5.93","9.33","8.33","4.65","3.31","3.93","3.92","2.66","2.07","2.94","2.73","2.97","2.98","5.3","2.66","10.7","4.95","3.73","2.06","4.04","3.39","3.02","2.47","2.57","2.75","3.01","6.47","2.58","10.38","9.16","3.38","16.5","6.61","4.33","2.5","6.38","2.56","2.05","2.69","7.88","3.03","2.48","","40.81","31.02","15.21","","14.28","9.62","20.98","8.31"
"75","2023-12-18 17:37:19","52","en","1498309761","2023-12-18 17:31:45","2023-12-18 17:37:19","","2","0","2","0","2","3","2","3","3","2","1","2","0","2","3","3","3","2","1","0","3","0","2","2","2","3","2","2","0","2","0","2","2","3","4","2","2","1","2","1","2","3","3","3","2"," "," "," "," "," ","Somewhat Proactive - I’m concerned with the Environment and try to make changes whenever possible.","","Germany","52","Employed with salary","","Female","","352.45","","3.84","4.76","4.68","4.3","3.53","4.13","3.24","3.59","6.33","3.54","4.09","4.69","3","5.57","3.41","5.56","3.52","3.65","5.17","3.57","5.91","3.82","4.88","6.65","7.38","4.41","3.85","4.57","23.79","3.52","6.09","9.34","2.99","3.52","7.85","4.41","3.04","4.1","4.93","3.68","3.22","3.97","3.7","3.1","12.35","","26.66","26.14","18.29","","10.88","11.54","16.29","13.41"
"76","2023-12-18 17:47:34","52","en","299296064","2023-12-18 17:42:51","2023-12-18 17:47:34","","1","2","4","0","3","4","2","4","3","3","3","5","3","3","3","3","5","5","2","2","4","1","4","3","2","3","2","1","1","2","0","3","2","2","2","3","2","1","2","1","1","1","2","3","4"," "," "," "," "," ","Somewhat Proactive - I’m concerned with the Environment and try to make changes whenever possible.","","Germany","22","Employed with salary","","Female","","308.16","","10.34","5.86","3.18","2.58","8.34","2.61","2.95","3.29","3","3.12","2.61","3.59","3.74","3.27","3.78","2.84","2.62","1.87","3.68","2.65","4.38","2.69","2.8","2.41","4.27","2.84","4.08","4.05","11.15","3.32","2.51","3.26","2.94","2.79","3.13","2.69","3.14","3.08","11.36","3.53","5.32","3.88","26.54","5.1","4.74","","46.82","23.7","6.44","","9.45","6.61","9.95","3.27"
"77","2023-12-18 17:51:49","52","en","635234286","2023-12-18 17:43:06","2023-12-18 17:51:49","","0","0","3","1","2","1","0","1","1","0","2","3","2","2","2","1","1","1","1","1","2","2","2","1","1","3","0","1","0","1","1","3","1","0","1","1","0","0","1","1","3","1","0","1","0"," "," "," "," "," ","Somewhat Proactive - I’m concerned with the Environment and try to make changes whenever possible.","","Germany","51","Employed with salary","","Female","","547.54","","4.02","7.25","5.97","3.11","4.42","7.91","3.7","6.89","3.24","11.52","4.66","3.35","3.32","2.71","5.25","3.65","3.55","5.73","3.44","4.44","4.89","6.76","3.35","3.29","3.33","10.79","3.21","3.27","3.08","37.39","2.61","2.95","4.7","2.83","3.71","2.82","2.64","4.65","4.6","7.6","4.13","6.64","4.47","4.02","6.47","","100.39","86.26","59.08","","12.31","16.31","19.83","11.03"
"78","2023-12-18 17:51:36","52","en","1501935414","2023-12-18 17:43:26","2023-12-18 17:51:36","","1","1","4","1","4","2","1","2","5","4","2","5","0","5","3","4","5","5","3","1","4","0","4","2","1","4","3","1","0","2","0","4","0","1","1","3","2","1","3","1","5","3","2","3","2"," "," "," "," "," ","Somewhat Proactive - I’m concerned with the Environment and try to make changes whenever possible.","Grün, blau, ","Deutschland ","48","Employed with salary","","Male","","510.98","","3.4","4.31","12.22","7.31","5.47","9.41","5.51","4.66","3.96","3.35","8.48","3.04","7.32","4.51","4.55","8.39","3.29","3.69","3.48","5.7","7.98","4.76","7.39","26.83","9.25","7.73","4.02","9.23","3","2.77","3.88","8.62","8.92","4.18","11.15","7.4","7.43","8.55","13.91","5.65","5.96","7.17","10.36","5.12","7.46","","56.35","26.53","69.25","","14.14","8.01","11.77","14.16"
"79","2023-12-18 18:24:20","52","en","234939384","2023-12-18 18:20:51","2023-12-18 18:24:20","","1","0","2","1","2","2","1","2","3","2","2","1","1","2","2","0","3","4","1","0","0","2","1","1","1","3","4","1","0","1","1","1","1","1","2","2","0","0","2","1","2","2","2","2","2"," "," "," "," "," ","Somewhat Proactive - I’m concerned with the Environment and try to make changes whenever possible.","","Germany","46","Employed with salary","","Female","","231.74","","4.12","3.57","2.37","2.71","3.27","2.78","3.44","2.05","2.25","2.88","2.64","2.15","2.29","2.29","2.76","11.26","5.22","2.77","3","2.49","6.7","2.11","2.8","2.53","3.02","1.96","2.54","2.81","1.87","3.01","3.5","2.77","2.01","2.63","4.69","3.34","2.28","2.28","2.47","2.98","1.99","2.49","2.74","2.54","2.39","","25.61","16.67","13.84","","10.9","9.78","13.75","4.43"
"80","2023-12-18 20:24:29","52","en","1320645282","2023-12-18 20:05:55","2023-12-18 20:24:29","","1","1","1","1","1","2","1","1","1","1","1","2","1","1","2","1","2","1","2","2","2","1","1","2","1","2","1","1","1","1","1","1","1","1","1","1","1","1","1","1","1","1","1","3","1"," "," "," "," "," ","Somewhat Proactive - I’m concerned with the Environment and try to make changes whenever possible.","Colours that mainly occur in nature.
Shades of brown, green, etc. ","Germany ","54","Out of work / Not Working","","Female","","1140.38","","3.66","2.42","3.42","3.09","2.84","27.31","5.18","3.11","16.62","4.71","20.15","7.82","2.88","2.75","4.06","2.87","6.94","3.15","19.95","13.5","7.85","5.97","6.17","6.17","7.3","7.82","9.18","3.64","5.67","2.78","4.56","3.73","21.65","2.57","2.78","6.42","2.27","3.97","2.17","3.02","3.38","2.79","8.8","6.54","3.69","","89.94","95.25","562.48","","9.58","25.47","49.61","10.73"
"81","2023-12-18 22:24:17","52","en","1864773350","2023-12-18 22:20:51","2023-12-18 22:24:17","https://web.telegram.org/","2","2","3","0","1","2","3","4","3","2","2","3","0","1","2","3","4","4","2","1","3","1","1","0","3","3","4","2","1","2","0","1","2","3","3","3","1","2","3","0","1","2","3","4","4"," "," "," "," "," ","Somewhat Proactive - I’m concerned with the Environment and try to make changes whenever possible.","Nature - green, blue
Pollution - brown, orange","Germany","30","Employed with salary","","Male","","231.34","","3.38","2.31","2.47","3.49","1.79","2.57","2.08","3.51","2.3","2.9","3.15","4.63","6.69","2.71","2.86","4.77","2.35","1.93","3.85","2.07","1.87","3.3","3.22","11.29","2.11","2.49","1.85","6.6","5.75","2.26","2.22","2.92","2.09","4.93","9.41","3.21","3.46","2.73","2.55","2.49","8.26","2.04","1.28","2.42","2.87","","17.72","6.7","30.45","","7.03","4.48","6.97","2.56"
"82","2023-12-19 07:59:03","52","en","1610913197","2023-12-19 07:52:14","2023-12-19 07:59:03","","1","0","2","0","3","3","0","2","1","2","0","3","2","4","4","2","3","1","3","1","4","0","4","2","2","3","1","2","0","1","1","3","0","1","0","1","0","0","1","1","2","3","1","2","1"," "," "," "," "," ","Somewhat Proactive - I’m concerned with the Environment and try to make changes whenever possible.","All colours that are warm and natural like brown and greenish colours seem to be eco friendly. ","Germany","48","Self-employed","","Female","","433.35","","4.22","2.35","3.1","5.01","3.53","8.85","3.46","2.85","2.22","3.16","7.25","4.82","7.69","3.25","2.52","7.72","5.63","3.81","8.84","3.87","2.83","2.15","3.55","5.26","9.88","5.06","11.67","8.97","2.43","2.71","3.67","11.03","2.42","4.12","2.5","3.3","3.26","2.33","3.36","8.01","2.66","5.44","1.88","6.34","5.94","","28.78","19.04","130.67","","12.26","12.5","7.57","7.61"
"83","2023-12-19 08:08:44","52","en","1038112807","2023-12-19 08:02:48","2023-12-19 08:08:44","","1","1","2","0","4","4","1","1","2","2","1","2","0","4","4","1","1","1","1","0","2","0","4","4","1","1","1","1","1","2","1","4","4","1","2","2","1","1","1","1","4","4","1","1","2"," "," "," "," "," ","Somewhat Proactive - I’m concerned with the Environment and try to make changes whenever possible.","Green","Germany","48","Self-employed","","Female","","376.76","","3.22","4.36","12.21","5.06","11.24","2.74","2.5","3.13","3.39","2.87","4.16","8.16","4.16","4.09","2.24","2.67","2.18","2.94","2.4","2.95","4.33","9.14","3.15","2.05","11.66","2.74","2.14","12.37","2.65","3.19","6.68","7.9","2.34","10.68","9.93","6.11","2.06","3.03","13.92","19.79","2.44","1.78","9.83","1.98","16.21","","32.38","33.37","10.48","","9.05","6.59","24.17","5.95"
"84","","18","en","375146519","2023-12-19 08:25:26","2023-12-19 08:27:07","","","","","1","","2","0","","","","","","1","","","","1","1","","2","","1","1","","","","1","","","3","","1","","","","","2","2","3","","2","3","","","1","","","","","","","","","","","","","","110.15","","","","","3.37","","2.85","13.71","","","","","","2.79","","","","5.32","3.27","","4.55","","3.54","4.24","","","","6.29","","","4.74","","14.38","","","","","13.55","6.88","7.94","","5.43","4.36","","","2.94","","","","","","","","",""
"85","2023-12-19 09:22:43","52","en","272822556","2023-12-19 09:19:18","2023-12-19 09:22:43","","3","1","5","1","1","2","1","2","2","2","2","5","0","2","3","1","4","5","1","0","3","0","1","1","1","5","0","2","0","5","0","0","2","0","1","1","3","0","1","1","0","2","1","1","3"," "," "," "," "," ","Extremely Proactive - I’m deeply concerned and I always consider the Environmental implications of my actions.","Green","Germany ","17","Student","","Female","","225.74","","5.41","1.91","1.22","2.34","2.73","2.67","2.2","2.87","2.03","3.09","3.13","2.45","3.27","2.07","2.01","2.87","2.75","2.84","2.39","3.15","9.11","3.68","5.06","3.4","2.4","2.62","3.21","4.24","2.18","2.5","19.29","2.59","2.95","2.48","3.04","2.09","2.95","1.84","3.01","4.59","2.67","2.7","1.99","1.86","3.64","","19.98","11.26","15.71","","8.52","7.75","6.44","6.59"
